empId,empName,empAddress,empSalary,DeptId
1001,Ramesh Reddy,Haveri,45000,1
1002,Vikram Singh,Delhi,51800,5
1003,Pooja,Jaipur,55200,1
1004,Rahul,Hyderabad,48400,4
1005,Pooja,Lucknow,42700,4
1006,Pooja,Delhi,40400,4
1007,Anjali,Pune,37400,5
1008,Priya,Hyderabad,57900,5
1009,Vikram,Kolkata,36100,NA
1010,Rajesh,Ahmedabad,45500,1
1011,Priya,Jaipur,49600,4
1012,Pooja,Chennai,37500,1
1013,Priya,Bengaluru,56300,4
1014,Anjali,Ahmedabad,30000,NA
1015,Rajesh,Lucknow,47500,2
1016,Priya,Lucknow,42400,1
1017,Rahul,Kolkata,36900,4
1018,Rajesh,Bengaluru,53000,5
1019,Sunita,Pune,37500,4
1020,Pooja,Delhi,31500,2
1021,Vikram,Delhi,43500,2
1022,Rajesh,Ahmedabad,30900,1
1023,Neha,Bengaluru,40300,3
1024,Amit,Hyderabad,35100,NA
1025,Deepak,Kolkata,49100,2
1026,Vikram,Kolkata,38900,1
1027,Sunita,Mumbai,31700,5
1028,Sunita,Lucknow,54400,2
1029,Amit,Bengaluru,34200,1
1030,Vikram,Kolkata,34900,3
1031,Vikram,Mumbai,42000,3
1032,Sunita,Ahmedabad,58700,4
1033,Rajesh,Lucknow,47700,1
1034,Vikram,Kolkata,55500,3
1035,Deepak,Pune,49500,4
1036,Rajesh,Lucknow,43700,2
1037,Amit,Ahmedabad,52800,2
1038,Anjali,Lucknow,44400,3
1039,Anjali,Lucknow,43600,1
1040,Neha,Lucknow,38500,5
1041,Pooja,Bengaluru,36600,4
1042,Sunita,Pune,50100,3
1043,Rahul,Mumbai,54000,4
1044,Neha,Jaipur,51100,2
1045,Neha,Kolkata,35500,1
1046,Deepak,Bengaluru,31000,NA
1047,Neha,Jaipur,56200,4
1048,Vikram,Kolkata,55300,4
1049,Vikram,Delhi,55900,1
1050,Sunita,Mumbai,55400,2
1051,Anjali,Chennai,42100,NA
1052,Anjali,Jaipur,30800,1
1053,Vikram,Hyderabad,41500,5
1054,Rahul,Delhi,57100,2
1055,Rajesh,Mumbai,46400,5
1056,Deepak,Chennai,45500,5
1057,Deepak,Hyderabad,53100,2
1058,Deepak,Pune,38200,2
1059,Pooja,Kolkata,32900,2
1060,Deepak,Lucknow,30400,4
1061,Deepak,Delhi,39700,5
1062,Sunita,Jaipur,32400,1
1063,Amit,Jaipur,37100,2
1064,Pooja,Mumbai,48900,3
1065,Priya,Ahmedabad,35000,1
1066,Pooja,Hyderabad,55700,1
1067,Vikram,Hyderabad,59800,4
1068,Amit,Mumbai,51700,3
1069,Pooja,Hyderabad,58000,3
1070,Vikram,Delhi,40700,2
1071,Anjali,Pune,56400,3
1072,Vikram,Lucknow,30000,4
1073,Amit,Pune,42100,5
1074,Amit,Pune,35900,1
1075,Neha,Mumbai,48400,3
1076,Anjali,Jaipur,36600,1
1077,Priya,Jaipur,49500,2
1078,Anjali,Hyderabad,59200,4
1079,Amit,Ahmedabad,53800,1
1080,Vikram,Mumbai,38000,2
1081,Priya,Pune,47500,1
1082,Priya,Kolkata,37200,1
1083,Neha,Pune,49100,3
1084,Pooja,Ahmedabad,59600,4
1085,Rahul,Hyderabad,57700,4
1086,Amit,Chennai,52600,3
1087,Amit,Hyderabad,43100,3
1088,Neha,Jaipur,47200,3
1089,Amit,Delhi,30000,3
1090,Priya,Lucknow,56400,5
1091,Neha,Ahmedabad,48800,2
1092,Priya,Bengaluru,44900,3
1093,Deepak,Mumbai,59400,1
1094,Rajesh,Delhi,42700,3
1095,Pooja,Jaipur,45200,NA
1096,Amit,Mumbai,40000,2
1097,Neha,Hyderabad,31500,5
1098,Anjali,Jaipur,47400,5
1099,Priya,Bengaluru,58700,1
1100,Vikram,Bengaluru,44000,5
1101,Neha,Lucknow,36100,4
1102,Rahul,Hyderabad,30100,2
1103,Rahul,Bengaluru,49200,1
1104,Rajesh,Jaipur,44600,1
1105,Rahul,Bengaluru,49800,4
1106,Vikram,Pune,52500,5
1107,Deepak,Mumbai,49200,5
1108,Priya,Kolkata,52900,3
1109,Anjali,Bengaluru,59600,3
1110,Anjali,Kolkata,50400,2
1111,Amit,Bengaluru,52200,3
1112,Deepak,Jaipur,54100,5
1113,Amit,Mumbai,57900,5
1114,Amit,Delhi,35700,3
1115,Sunita,Pune,53600,3
1116,Rajesh,Kolkata,40500,4
1117,Rahul,Delhi,30200,5
1118,Deepak,Hyderabad,34700,5
1119,Deepak,Bengaluru,40300,2
1120,Anjali,Pune,39800,1
1121,Neha,Pune,49200,2
1122,Vikram,Mumbai,56900,5
1123,Rahul,Ahmedabad,51500,NA
1124,Sunita,Hyderabad,37900,4
1125,Sunita,Jaipur,53500,1
1126,Vikram,Delhi,59200,4
1127,Rahul,Hyderabad,50400,3
1128,Neha,Pune,38300,5
1129,Pooja,Chennai,49900,4
1130,Rajesh,Ahmedabad,48300,2
1131,Amit,Kolkata,30600,5
1132,Rajesh,Hyderabad,49100,3
1133,Sunita,Chennai,39000,1
1134,Neha,Kolkata,51300,2
1135,Deepak,Pune,56300,4
1136,Pooja,Kolkata,53300,2
1137,Neha,Lucknow,34300,5
1138,Neha,Delhi,37600,1
1139,Rahul,Chennai,31700,4
1140,Vikram,Ahmedabad,47700,1
1141,Anjali,Chennai,32500,4
1142,Deepak,Delhi,37500,1
1143,Rajesh,Ahmedabad,51800,3
1144,Pooja,Pune,50500,2
1145,Deepak,Lucknow,48700,1
1146,Deepak,Ahmedabad,57300,4
1147,Priya,Mumbai,35800,2
1148,Neha,Chennai,43500,2
1149,Vikram,Ahmedabad,58100,1
1150,Deepak,Bengaluru,57600,1
1151,Deepak,Jaipur,34100,4
1152,Amit,Kolkata,54700,4
1153,Neha,Lucknow,43500,1
1154,Amit,Hyderabad,56800,3
1155,Vikram,Lucknow,52900,4
1156,Pooja,Delhi,32600,3
1157,Rajesh,Kolkata,57900,5
1158,Priya,Jaipur,49100,3
1159,Vikram,Delhi,53600,4
1160,Rahul,Kolkata,34600,3
1161,Pooja,Lucknow,44500,5
1162,Anjali,Hyderabad,52200,5
1163,Rahul,Kolkata,54700,5
1164,Amit,Chennai,40700,1
1165,Rajesh,Chennai,58600,3
1166,Anjali,Lucknow,57900,1
1167,Vikram,Lucknow,47000,5
1168,Priya,Hyderabad,53500,4
1169,Pooja,Ahmedabad,52100,4
1170,Pooja,Pune,50800,1
1171,Pooja,Pune,32000,1
1172,Rahul,Bengaluru,54200,5
1173,Rajesh,Bengaluru,31400,2
1174,Vikram,Kolkata,45400,2
1175,Neha,Hyderabad,55600,1
1176,Vikram,Chennai,43300,4
1177,Neha,Bengaluru,59500,5
1178,Rajesh,Lucknow,57600,1
1179,Amit,Chennai,30800,2
1180,Vikram,Lucknow,56600,2
1181,Priya,Chennai,50400,3
1182,Anjali,Lucknow,34200,1
1183,Neha,Ahmedabad,57600,3
1184,Amit,Bengaluru,36800,3
1185,Rahul,Bengaluru,33100,2
1186,Amit,Kolkata,36800,4
1187,Neha,Pune,48800,4
1188,Neha,Hyderabad,53600,1
1189,Rahul,Ahmedabad,41100,1
1190,Deepak,Pune,59400,2
1191,Rajesh,Hyderabad,35400,3
1192,Amit,Bengaluru,40700,4
1193,Rahul,Hyderabad,37700,1
1194,Deepak,Delhi,36400,3
1195,Priya,Ahmedabad,32200,2
1196,Priya,Bengaluru,53300,2
1197,Priya,Bengaluru,44700,3
1198,Sunita,Pune,40400,3
1199,Neha,Ahmedabad,51900,2
1200,Neha,Hyderabad,59600,2
1201,Priya,Delhi,57800,4
1202,Priya,Chennai,37000,5
1203,Amit,Chennai,31500,1
1204,Neha,Hyderabad,30400,2
1205,Deepak,Pune,60000,1
1206,Amit,Delhi,55600,4
1207,Sunita,Ahmedabad,32500,3
1208,Rajesh,Hyderabad,49100,4
1209,Priya,Ahmedabad,53800,1
1210,Anjali,Chennai,56400,3
1211,Pooja,Kolkata,56800,3
1212,Rahul,Lucknow,58600,1
1213,Vikram,Ahmedabad,34700,NA
1214,Sunita,Bengaluru,31500,2
1215,Anjali,Chennai,32000,NA
1216,Neha,Ahmedabad,40200,3
1217,Rahul,Chennai,57900,4
1218,Pooja,Kolkata,30300,4
1219,Neha,Jaipur,50100,1
1220,Rajesh,Chennai,30300,NA
1221,Rajesh,Chennai,36300,3
1222,Pooja,Pune,31300,3
1223,Rahul,Delhi,31500,5
1224,Anjali,Kolkata,37600,3
1225,Neha,Ahmedabad,47100,4
1226,Priya,Bengaluru,53200,4
1227,Vikram,Kolkata,51000,5
1228,Amit,Delhi,39000,1
1229,Vikram,Chennai,57800,4
1230,Sunita,Kolkata,54900,5
1231,Anjali,Delhi,45200,2
1232,Amit,Kolkata,59700,1
1233,Rajesh,Ahmedabad,41800,1
1234,Rajesh,Ahmedabad,42600,4
1235,Deepak,Jaipur,35400,2
1236,Rajesh,Kolkata,54200,2
1237,Rahul,Mumbai,58200,2
1238,Sunita,Hyderabad,32200,2
1239,Amit,Kolkata,37600,NA
1240,Rahul,Hyderabad,49400,2
1241,Sunita,Delhi,44200,4
1242,Amit,Hyderabad,49700,NA
1243,Anjali,Lucknow,35600,1
1244,Rahul,Mumbai,56500,4
1245,Vikram,Ahmedabad,42600,2
1246,Neha,Ahmedabad,56100,4
1247,Pooja,Bengaluru,37700,3
1248,Neha,Ahmedabad,44400,3
1249,Priya,Jaipur,57800,5
1250,Anjali,Mumbai,40600,3
1251,Amit,Jaipur,48300,4
1252,Priya,Bengaluru,41400,3
1253,Amit,Pune,47900,4
1254,Pooja,Bengaluru,56400,1
1255,Rajesh,Ahmedabad,51600,1
1256,Rajesh,Ahmedabad,44500,4
1257,Rahul,Ahmedabad,30700,3
1258,Deepak,Delhi,45200,5
1259,Priya,Ahmedabad,56800,1
1260,Amit,Pune,44800,2
1261,Vikram,Jaipur,37000,5
1262,Rahul,Mumbai,30300,5
1263,Sunita,Bengaluru,32500,5
1264,Rahul,Jaipur,56900,1
1265,Priya,Delhi,32900,3
1266,Anjali,Ahmedabad,46500,3
1267,Pooja,Delhi,55900,2
1268,Rajesh,Lucknow,36300,5
1269,Pooja,Mumbai,50600,3
1270,Deepak,Bengaluru,41600,4
1271,Deepak,Hyderabad,33000,3
1272,Neha,Ahmedabad,35900,2
1273,Pooja,Delhi,54100,3
1274,Sunita,Delhi,39700,2
1275,Sunita,Hyderabad,31100,2
1276,Anjali,Jaipur,39800,2
1277,Anjali,Hyderabad,41100,3
1278,Neha,Bengaluru,40600,4
1279,Pooja,Pune,37100,3
1280,Rahul,Pune,33800,5
1281,Anjali,Hyderabad,36400,4
1282,Priya,Hyderabad,34700,2
1283,Sunita,Hyderabad,33600,2
1284,Rahul,Jaipur,42100,4
1285,Rahul,Kolkata,48100,2
1286,Pooja,Mumbai,59300,2
1287,Neha,Pune,32900,1
1288,Pooja,Hyderabad,40100,5
1289,Rahul,Chennai,41400,3
1290,Priya,Kolkata,39200,2
1291,Neha,Hyderabad,55100,4
1292,Rajesh,Pune,31900,4
1293,Priya,Bengaluru,49500,3
1294,Anjali,Delhi,46800,5
1295,Deepak,Mumbai,43000,2
1296,Neha,Hyderabad,55200,2
1297,Rahul,Lucknow,45100,NA
1298,Deepak,Pune,30400,1
1299,Anjali,Pune,33600,5
1300,Sunita,Mumbai,57400,5
1301,Pooja,Kolkata,53000,NA
1302,Priya,Delhi,51400,1
1303,Deepak,Ahmedabad,56300,5
1304,Pooja,Delhi,46900,2
1305,Amit,Kolkata,36100,5
1306,Amit,Pune,50700,3
1307,Rahul,Bengaluru,50300,4
1308,Rahul,Chennai,45100,3
1309,Priya,Hyderabad,35700,3
1310,Amit,Ahmedabad,56100,4
1311,Pooja,Mumbai,34800,1
1312,Sunita,Jaipur,32700,1
1313,Rahul,Delhi,33700,5
1314,Anjali,Jaipur,49100,4
1315,Rahul,Pune,33100,2
1316,Pooja,Pune,54600,1
1317,Rajesh,Lucknow,38200,5
1318,Amit,Mumbai,38500,1
1319,Amit,Bengaluru,48600,3
1320,Sunita,Pune,41500,1
1321,Vikram,Mumbai,45200,3
1322,Pooja,Chennai,44400,3
1323,Deepak,Delhi,32400,3
1324,Neha,Chennai,49800,3
1325,Neha,Delhi,58900,2
1326,Priya,Hyderabad,45600,4
1327,Deepak,Lucknow,54700,1
1328,Rahul,Jaipur,43400,5
1329,Priya,Ahmedabad,30500,1
1330,Sunita,Ahmedabad,30700,4
1331,Amit,Jaipur,39400,5
1332,Amit,Jaipur,33500,2
1333,Anjali,Lucknow,36500,2
1334,Anjali,Pune,42300,1
1335,Vikram,Chennai,50900,5
1336,Deepak,Pune,34200,3
1337,Anjali,Mumbai,32800,4
1338,Vikram,Mumbai,40700,5
1339,Sunita,Jaipur,55600,1
1340,Rahul,Kolkata,51800,2
1341,Rajesh,Chennai,48100,2
1342,Sunita,Bengaluru,35700,5
1343,Priya,Delhi,56100,4
1344,Pooja,Mumbai,54300,5
1345,Priya,Mumbai,46200,3
1346,Priya,Ahmedabad,55300,2
1347,Priya,Delhi,48600,NA
1348,Deepak,Mumbai,39800,1
1349,Priya,Mumbai,44000,1
1350,Rajesh,Delhi,53100,5
1351,Rahul,Pune,56200,1
1352,Pooja,Lucknow,55800,2
1353,Deepak,Chennai,40100,3
1354,Deepak,Chennai,39300,3
1355,Vikram,Lucknow,56100,3
1356,Vikram,Lucknow,55100,3
1357,Neha,Chennai,50100,5
1358,Amit,Lucknow,36200,5
1359,Priya,Hyderabad,55500,1
1360,Neha,Delhi,53300,5
1361,Neha,Delhi,45800,4
1362,Priya,Bengaluru,51900,2
1363,Amit,Bengaluru,39500,3
1364,Rajesh,Mumbai,48300,5
1365,Rahul,Mumbai,43600,3
1366,Anjali,Hyderabad,35500,5
1367,Rajesh,Delhi,31300,4
1368,Neha,Chennai,36600,5
1369,Anjali,Mumbai,55000,4
1370,Rajesh,Hyderabad,47800,NA
1371,Neha,Bengaluru,58400,4
1372,Priya,Mumbai,41100,1
1373,Deepak,Lucknow,41000,2
1374,Anjali,Chennai,42400,5
1375,Neha,Lucknow,39000,1
1376,Priya,Ahmedabad,49500,3
1377,Rahul,Pune,55600,NA
1378,Deepak,Pune,52300,4
1379,Rahul,Chennai,35700,5
1380,Anjali,Pune,35100,3
1381,Priya,Jaipur,59300,4
1382,Sunita,Jaipur,41900,5
1383,Pooja,Chennai,40400,3
1384,Neha,Lucknow,32500,4
1385,Pooja,Jaipur,49100,4
1386,Rajesh,Ahmedabad,56200,3
1387,Anjali,Hyderabad,54800,4
1388,Rahul,Jaipur,30400,3
1389,Vikram,Kolkata,59000,3
1390,Deepak,Pune,59700,1
1391,Neha,Delhi,57300,3
1392,Amit,Pune,36700,3
1393,Rahul,Chennai,30200,5
1394,Amit,Delhi,52100,2
1395,Deepak,Pune,58900,4
1396,Sunita,Ahmedabad,32700,3
1397,Priya,Kolkata,58800,4
1398,Priya,Chennai,33700,3
1399,Deepak,Mumbai,52200,3
1400,Deepak,Kolkata,40700,5
1401,Neha,Chennai,58000,NA
1402,Sunita,Chennai,42700,1
1403,Vikram,Delhi,59400,1
1404,Rahul,Jaipur,52500,2
1405,Sunita,Mumbai,58800,4
1406,Rahul,Mumbai,45400,5
1407,Deepak,Chennai,42900,3
1408,Neha,Delhi,56700,4
1409,Rahul,Pune,43100,5
1410,Neha,Mumbai,44700,3
1411,Deepak,Jaipur,35300,5
1412,Vikram,Pune,40000,2
1413,Sunita,Hyderabad,33000,1
1414,Vikram,Mumbai,52900,5
1415,Amit,Delhi,44900,1
1416,Rahul,Pune,48900,4
1417,Pooja,Jaipur,32800,3
1418,Rahul,Pune,32500,1
1419,Vikram,Pune,30100,3
1420,Vikram,Hyderabad,58200,2
1421,Rajesh,Pune,30600,3
1422,Rajesh,Chennai,56700,2
1423,Rajesh,Ahmedabad,33400,2
1424,Deepak,Jaipur,42300,5
1425,Anjali,Delhi,44900,1
1426,Amit,Bengaluru,37900,1
1427,Rahul,Mumbai,55900,5
1428,Deepak,Mumbai,37600,3
1429,Neha,Kolkata,40900,5
1430,Priya,Ahmedabad,31400,3
1431,Deepak,Ahmedabad,54100,4
1432,Rahul,Kolkata,52400,2
1433,Rahul,Hyderabad,48100,2
1434,Amit,Pune,54000,NA
1435,Rahul,Chennai,31700,1
1436,Vikram,Hyderabad,32500,1
1437,Priya,Bengaluru,52000,3
1438,Anjali,Hyderabad,48000,4
1439,Rajesh,Lucknow,50100,5
1440,Sunita,Ahmedabad,59300,2
1441,Rahul,Pune,36300,4
1442,Sunita,Hyderabad,49300,4
1443,Anjali,Ahmedabad,51900,2
1444,Neha,Chennai,45100,NA
1445,Vikram,Delhi,46100,5
1446,Rahul,Mumbai,45200,3
1447,Sunita,Kolkata,34500,NA
1448,Anjali,Kolkata,59400,4
1449,Deepak,Ahmedabad,44500,1
1450,Anjali,Lucknow,35400,1
1451,Sunita,Hyderabad,46900,2
1452,Deepak,Delhi,33200,1
1453,Anjali,Hyderabad,33500,3
1454,Vikram,Bengaluru,33800,5
1455,Sunita,Jaipur,47100,1
1456,Neha,Chennai,30700,1
1457,Deepak,Lucknow,39800,4
1458,Amit,Ahmedabad,36200,5
1459,Anjali,Chennai,44100,3
1460,Sunita,Mumbai,32900,1
1461,Anjali,Mumbai,48700,4
1462,Deepak,Pune,36500,3
1463,Rahul,Ahmedabad,31800,1
1464,Rajesh,Jaipur,50100,2
1465,Pooja,Hyderabad,49200,1
1466,Priya,Delhi,51600,4
1467,Rahul,Pune,30400,4
1468,Neha,Delhi,52200,5
1469,Rahul,Pune,57300,1
1470,Rahul,Lucknow,44700,1
1471,Anjali,Lucknow,50200,4
1472,Neha,Hyderabad,39300,2
1473,Anjali,Pune,32700,5
1474,Neha,Mumbai,32900,2
1475,Anjali,Mumbai,37900,5
1476,Rahul,Pune,46000,2
1477,Rahul,Kolkata,50500,3
1478,Deepak,Mumbai,42600,5
1479,Anjali,Ahmedabad,41300,1
1480,Sunita,Lucknow,43300,2
1481,Anjali,Jaipur,30500,2
1482,Rahul,Delhi,59200,3
1483,Amit,Chennai,56400,1
1484,Anjali,Jaipur,43000,1
1485,Neha,Lucknow,50000,2
1486,Vikram,Kolkata,48700,4
1487,Priya,Hyderabad,54400,3
1488,Vikram,Mumbai,50800,2
1489,Deepak,Pune,33300,4
1490,Deepak,Kolkata,40600,5
1491,Pooja,Pune,40800,1
1492,Amit,Kolkata,50800,5
1493,Sunita,Ahmedabad,57500,3
1494,Priya,Jaipur,54100,4
1495,Rajesh,Mumbai,32600,1
1496,Amit,Lucknow,37100,4
1497,Anjali,Delhi,50900,3
1498,Pooja,Pune,49400,1
1499,Priya,Hyderabad,47000,4
1500,Vikram,Hyderabad,45900,4
1501,Deepak,Bengaluru,58100,5
1502,Rahul,Delhi,41200,4
1503,Deepak,Kolkata,53200,3
1504,Rahul,Delhi,56600,2
1505,Priya,Hyderabad,48800,2
1506,Sunita,Mumbai,34700,4
1507,Rahul,Pune,32900,1
1508,Rajesh,Mumbai,32800,4
1509,Priya,Bengaluru,51700,5
1510,Rahul,Ahmedabad,51400,4
1511,Sunita,Ahmedabad,51100,4
1512,Pooja,Hyderabad,57700,3
1513,Priya,Bengaluru,34900,3
1514,Sunita,Pune,36400,1
1515,Sunita,Delhi,39300,3
1516,Pooja,Chennai,38000,2
1517,Rahul,Hyderabad,44400,3
1518,Sunita,Hyderabad,35500,1
1519,Deepak,Bengaluru,31200,3
1520,Priya,Pune,40500,1
1521,Priya,Jaipur,59100,3
1522,Pooja,Kolkata,54300,2
1523,Amit,Kolkata,39900,3
1524,Vikram,Ahmedabad,51600,1
1525,Rahul,Hyderabad,46100,2
1526,Deepak,Ahmedabad,37300,4
1527,Deepak,Lucknow,37500,NA
1528,Anjali,Hyderabad,45200,5
1529,Anjali,Ahmedabad,30500,3
1530,Amit,Pune,54700,3
1531,Rahul,Kolkata,46100,3
1532,Priya,Bengaluru,41900,4
1533,Rajesh,Bengaluru,41900,2
1534,Priya,Kolkata,36300,4
1535,Vikram,Chennai,32700,1
1536,Amit,Jaipur,40300,4
1537,Pooja,Pune,37600,5
1538,Rajesh,Bengaluru,45800,3
1539,Sunita,Delhi,47300,5
1540,Pooja,Ahmedabad,46400,2
1541,Pooja,Lucknow,37200,3
1542,Pooja,Delhi,58500,NA
1543,Rahul,Kolkata,59500,4
1544,Deepak,Ahmedabad,43100,3
1545,Rahul,Bengaluru,53600,5
1546,Priya,Lucknow,32500,3
1547,Neha,Kolkata,35700,4
1548,Anjali,Pune,31700,4
1549,Deepak,Lucknow,45200,4
1550,Rajesh,Lucknow,47600,2
1551,Vikram,Bengaluru,57900,1
1552,Rajesh,Bengaluru,38100,2
1553,Vikram,Kolkata,31100,3
1554,Pooja,Delhi,33400,5
1555,Priya,Pune,58100,5
1556,Neha,Pune,44800,4
1557,Neha,Pune,50800,1
1558,Pooja,Pune,58100,5
1559,Vikram,Chennai,54200,2
1560,Anjali,Bengaluru,53800,1
1561,Sunita,Hyderabad,37500,5
1562,Rajesh,Ahmedabad,43100,1
1563,Amit,Ahmedabad,36400,1
1564,Sunita,Kolkata,42700,2
1565,Priya,Pune,34000,4
1566,Rahul,Delhi,38900,1
1567,Vikram,Chennai,49600,3
1568,Rajesh,Bengaluru,51900,4
1569,Vikram,Chennai,31200,4
1570,Neha,Jaipur,59300,NA
1571,Vikram,Chennai,52500,5
1572,Deepak,Jaipur,54200,1
1573,Rajesh,Chennai,37800,5
1574,Anjali,Kolkata,48900,3
1575,Priya,Bengaluru,35200,3
1576,Deepak,Jaipur,49400,5
1577,Rajesh,Jaipur,30000,3
1578,Sunita,Mumbai,43900,3
1579,Amit,Bengaluru,49400,4
1580,Rajesh,Delhi,38400,2
1581,Sunita,Ahmedabad,40400,5
1582,Sunita,Lucknow,41500,1
1583,Priya,Kolkata,42700,3
1584,Pooja,Bengaluru,59100,4
1585,Rahul,Mumbai,55100,2
1586,Rajesh,Lucknow,31800,4
1587,Deepak,Pune,33200,1
1588,Neha,Chennai,32000,2
1589,Vikram,Kolkata,37700,5
1590,Neha,Hyderabad,42200,5
1591,Neha,Ahmedabad,42900,5
1592,Priya,Delhi,30200,4
1593,Deepak,Bengaluru,58600,1
1594,Pooja,Pune,48100,5
1595,Pooja,Bengaluru,40100,3
1596,Rahul,Delhi,40500,1
1597,Amit,Jaipur,33900,4
1598,Pooja,Chennai,48200,5
1599,Pooja,Delhi,38000,5
1600,Rajesh,Ahmedabad,48700,3
1601,Amit,Bengaluru,38400,2
1602,Pooja,Bengaluru,53600,3
1603,Pooja,Mumbai,46700,2
1604,Sunita,Pune,31900,5
1605,Sunita,Kolkata,54400,1
1606,Anjali,Ahmedabad,45600,5
1607,Neha,Bengaluru,32200,5
1608,Pooja,Chennai,41200,1
1609,Pooja,Chennai,34000,1
1610,Anjali,Ahmedabad,51800,1
1611,Sunita,Chennai,50100,1
1612,Deepak,Mumbai,46100,3
1613,Amit,Ahmedabad,31000,3
1614,Sunita,Lucknow,39900,NA
1615,Rahul,Hyderabad,32100,3
1616,Priya,Mumbai,54100,3
1617,Neha,Lucknow,45600,4
1618,Pooja,Ahmedabad,56300,2
1619,Pooja,Bengaluru,30300,2
1620,Sunita,Lucknow,45100,2
1621,Vikram,Lucknow,32600,2
1622,Amit,Delhi,39100,2
1623,Rahul,Delhi,38800,5
1624,Amit,Kolkata,33500,NA
1625,Rajesh,Kolkata,46900,3
1626,Amit,Jaipur,45100,2
1627,Anjali,Kolkata,44400,5
1628,Vikram,Hyderabad,40500,2
1629,Sunita,Kolkata,39300,1
1630,Rajesh,Delhi,38900,1
1631,Rahul,Lucknow,57000,2
1632,Anjali,Pune,46100,2
1633,Pooja,Delhi,44500,1
1634,Vikram,Bengaluru,43500,1
1635,Priya,Hyderabad,44300,NA
1636,Amit,Jaipur,57900,2
1637,Anjali,Bengaluru,37600,2
1638,Vikram,Delhi,47800,3
1639,Vikram,Pune,50300,4
1640,Pooja,Mumbai,59000,2
1641,Vikram,Pune,34000,5
1642,Sunita,Kolkata,44300,2
1643,Rahul,Jaipur,37400,1
1644,Sunita,Jaipur,32400,3
1645,Sunita,Pune,50600,3
1646,Vikram,Ahmedabad,58900,3
1647,Deepak,Bengaluru,50800,4
1648,Rahul,Jaipur,40300,4
1649,Rajesh,Jaipur,39300,5
1650,Sunita,Chennai,57000,2
1651,Pooja,Pune,43300,2
1652,Rahul,Ahmedabad,47700,5
1653,Neha,Jaipur,38900,3
1654,Pooja,Lucknow,49100,1
1655,Pooja,Chennai,52000,1
1656,Anjali,Chennai,58300,2
1657,Neha,Ahmedabad,45100,5
1658,Sunita,Ahmedabad,42600,5
1659,Rahul,Chennai,37900,2
1660,Deepak,Mumbai,38800,5
1661,Neha,Mumbai,53600,2
1662,Sunita,Kolkata,51900,2
1663,Deepak,Kolkata,46100,3
1664,Deepak,Chennai,57900,5
1665,Rahul,Hyderabad,42900,3
1666,Rahul,Hyderabad,53700,5
1667,Pooja,Lucknow,36500,4
1668,Sunita,Mumbai,42300,3
1669,Pooja,Mumbai,50700,4
1670,Pooja,Mumbai,53300,5
1671,Sunita,Lucknow,45100,1
1672,Vikram,Mumbai,56600,5
1673,Rahul,Hyderabad,53600,2
1674,Anjali,Bengaluru,43300,2
1675,Vikram,Pune,36200,3
1676,Vikram,Chennai,59100,2
1677,Rahul,Lucknow,49900,2
1678,Rajesh,Mumbai,45200,4
1679,Rajesh,Lucknow,54800,5
1680,Vikram,Bengaluru,35300,5
1681,Amit,Mumbai,40600,1
1682,Pooja,Jaipur,44600,5
1683,Sunita,Ahmedabad,48100,3
1684,Priya,Lucknow,32300,3
1685,Pooja,Mumbai,31500,1
1686,Priya,Jaipur,35200,2
1687,Anjali,Bengaluru,40400,1
1688,Amit,Jaipur,43000,4
1689,Rajesh,Jaipur,47200,5
1690,Sunita,Lucknow,47500,1
1691,Neha,Kolkata,52400,4
1692,Amit,Hyderabad,47900,4
1693,Rahul,Chennai,32100,1
1694,Rahul,Chennai,49300,5
1695,Pooja,Bengaluru,55000,5
1696,Vikram,Mumbai,48100,3
1697,Neha,Jaipur,44200,5
1698,Pooja,Chennai,36700,1
1699,Pooja,Mumbai,30600,3
1700,Amit,Chennai,55700,4
1701,Neha,Lucknow,38800,4
1702,Pooja,Hyderabad,34800,4
1703,Vikram,Hyderabad,35500,1
1704,Pooja,Lucknow,48300,4
1705,Rajesh,Pune,34400,5
1706,Deepak,Ahmedabad,31300,3
1707,Sunita,Bengaluru,41000,4
1708,Priya,Kolkata,51300,4
1709,Priya,Bengaluru,59800,2
1710,Amit,Lucknow,33600,1
1711,Anjali,Chennai,47400,5
1712,Rahul,Chennai,40800,1
1713,Neha,Hyderabad,43600,3
1714,Vikram,Kolkata,55800,1
1715,Deepak,Bengaluru,40900,1
1716,Amit,Mumbai,45100,3
1717,Neha,Ahmedabad,34800,2
1718,Rajesh,Jaipur,44600,1
1719,Neha,Chennai,59400,3
1720,Priya,Mumbai,32100,1
1721,Anjali,Ahmedabad,30500,3
1722,Rajesh,Mumbai,32100,1
1723,Amit,Bengaluru,56600,5
1724,Pooja,Mumbai,33500,4
1725,Priya,Delhi,54300,NA
1726,Rajesh,Ahmedabad,57600,3
1727,Vikram,Mumbai,31400,5
1728,Neha,Bengaluru,57500,3
1729,Vikram,Hyderabad,55000,2
1730,Amit,Pune,32600,3
1731,Anjali,Ahmedabad,58900,4
1732,Anjali,Pune,54300,2
1733,Priya,Lucknow,49900,3
1734,Priya,Chennai,47400,5
1735,Priya,Delhi,41900,NA
1736,Amit,Mumbai,47100,5
1737,Sunita,Bengaluru,51300,4
1738,Anjali,Ahmedabad,47300,2
1739,Amit,Kolkata,55300,4
1740,Anjali,Lucknow,32600,4
1741,Amit,Hyderabad,54500,4
1742,Rajesh,Ahmedabad,56500,5
1743,Anjali,Mumbai,52500,1
1744,Sunita,Kolkata,55500,3
1745,Rajesh,Lucknow,58700,2
1746,Vikram,Kolkata,32600,2
1747,Priya,Jaipur,53000,3
1748,Amit,Pune,35500,4
1749,Neha,Mumbai,58200,1
1750,Priya,Delhi,31200,1
1751,Anjali,Hyderabad,40400,3
1752,Rahul,Jaipur,30800,1
1753,Rajesh,Ahmedabad,44500,2
1754,Rahul,Delhi,47300,4
1755,Pooja,Chennai,60000,1
1756,Pooja,Hyderabad,50000,1
1757,Anjali,Lucknow,46800,2
1758,Sunita,Chennai,54600,NA
1759,Anjali,Kolkata,45900,4
1760,Vikram,Bengaluru,43400,2
1761,Rahul,Delhi,34200,4
1762,Priya,Delhi,54100,1
1763,Neha,Bengaluru,45600,NA
1764,Rajesh,Lucknow,56000,2
1765,Neha,Pune,47800,1
1766,Anjali,Chennai,55900,NA
1767,Priya,Bengaluru,40900,NA
1768,Pooja,Lucknow,30300,2
1769,Deepak,Jaipur,43600,1
1770,Neha,Pune,49100,4
1771,Vikram,Delhi,47000,2
1772,Vikram,Ahmedabad,48900,1
1773,Vikram,Mumbai,54100,1
1774,Sunita,Kolkata,37300,5
1775,Sunita,Chennai,35100,NA
1776,Anjali,Chennai,48400,2
1777,Rajesh,Mumbai,32200,1
1778,Pooja,Pune,32200,3
1779,Vikram,Delhi,37700,3
1780,Amit,Jaipur,54900,4
1781,Deepak,Hyderabad,30900,1
1782,Pooja,Bengaluru,53100,3
1783,Anjali,Delhi,30800,5
1784,Rajesh,Mumbai,55100,4
1785,Priya,Kolkata,58300,5
1786,Neha,Lucknow,30800,3
1787,Deepak,Mumbai,32300,2
1788,Priya,Kolkata,37500,5
1789,Vikram,Bengaluru,54500,NA
1790,Priya,Bengaluru,55800,5
1791,Rajesh,Lucknow,44100,5
1792,Neha,Bengaluru,55300,2
1793,Amit,Ahmedabad,55600,3
1794,Deepak,Kolkata,47800,1
1795,Neha,Jaipur,34600,3
1796,Rahul,Hyderabad,54900,2
1797,Neha,Hyderabad,37200,1
1798,Rajesh,Kolkata,43000,NA
1799,Priya,Pune,37100,4
1800,Neha,Hyderabad,53300,2
1801,Rajesh,Pune,30300,4
1802,Deepak,Bengaluru,31600,NA
1803,Rajesh,Kolkata,34900,4
1804,Anjali,Mumbai,39100,4
1805,Pooja,Hyderabad,58200,2
1806,Anjali,Kolkata,37900,3
1807,Vikram,Ahmedabad,60000,4
1808,Vikram,Hyderabad,34000,NA
1809,Pooja,Chennai,59500,2
1810,Amit,Ahmedabad,46800,5
1811,Pooja,Mumbai,32000,3
1812,Rahul,Hyderabad,45800,4
1813,Neha,Delhi,33600,5
1814,Anjali,Bengaluru,46200,1
1815,Rajesh,Ahmedabad,30100,1
1816,Priya,Jaipur,45800,1
1817,Priya,Chennai,46000,5
1818,Amit,Chennai,52600,1
1819,Priya,Delhi,52300,4
1820,Anjali,Pune,41400,5
1821,Anjali,Delhi,58700,1
1822,Vikram,Ahmedabad,43200,1
1823,Amit,Pune,43200,1
1824,Anjali,Chennai,31700,4
1825,Pooja,Chennai,40100,4
1826,Rajesh,Hyderabad,36900,4
1827,Anjali,Delhi,36600,NA
1828,Sunita,Ahmedabad,30900,3
1829,Deepak,Lucknow,52000,5
1830,Rahul,Jaipur,50300,3
1831,Pooja,Jaipur,35500,5
1832,Anjali,Pune,59600,NA
1833,Deepak,Hyderabad,59200,1
1834,Rajesh,Delhi,52600,1
1835,Rahul,Ahmedabad,43100,2
1836,Sunita,Hyderabad,42300,3
1837,Rajesh,Delhi,50800,3
1838,Neha,Delhi,31500,2
1839,Deepak,Mumbai,39300,2
1840,Pooja,Ahmedabad,47100,1
1841,Vikram,Pune,46200,2
1842,Sunita,Delhi,40200,4
1843,Rahul,Pune,54700,5
1844,Neha,Kolkata,31400,3
1845,Neha,Delhi,46300,3
1846,Deepak,Hyderabad,56400,4
1847,Rahul,Hyderabad,38100,2
1848,Sunita,Delhi,55800,3
1849,Vikram,Ahmedabad,52800,3
1850,Deepak,Bengaluru,32100,4
1851,Rahul,Jaipur,48800,2
1852,Priya,Chennai,39400,5
1853,Deepak,Delhi,35700,3
1854,Anjali,Chennai,56800,5
1855,Sunita,Chennai,41700,2
1856,Vikram,Jaipur,57800,4
1857,Pooja,Mumbai,42900,1
1858,Priya,Chennai,58400,3
1859,Amit,Hyderabad,45600,1
1860,Vikram,Ahmedabad,56600,1
1861,Amit,Jaipur,30900,4
1862,Rahul,Pune,42400,3
1863,Rahul,Chennai,33500,1
1864,Amit,Delhi,43400,3
1865,Anjali,Hyderabad,53900,1
1866,Sunita,Bengaluru,37700,4
1867,Sunita,Delhi,38000,1
1868,Amit,Chennai,56900,3
1869,Neha,Delhi,47100,4
1870,Amit,Kolkata,55800,NA
1871,Pooja,Jaipur,49900,1
1872,Vikram,Pune,54900,4
1873,Amit,Chennai,50800,3
1874,Anjali,Lucknow,32500,1
1875,Deepak,Lucknow,54200,5
1876,Deepak,Pune,32400,4
1877,Vikram,Mumbai,40900,5
1878,Neha,Ahmedabad,47800,4
1879,Rahul,Bengaluru,54300,5
1880,Deepak,Chennai,57200,2
1881,Rahul,Pune,30400,4
1882,Anjali,Delhi,51700,1
1883,Anjali,Hyderabad,41900,5
1884,Pooja,Ahmedabad,52900,3
1885,Rajesh,Chennai,55100,4
1886,Vikram,Hyderabad,47700,4
1887,Sunita,Mumbai,36400,3
1888,Deepak,Pune,30600,2
1889,Priya,Mumbai,33300,3
1890,Deepak,Chennai,42700,1
1891,Rahul,Mumbai,58900,5
1892,Priya,Hyderabad,30600,5
1893,Priya,Lucknow,59700,3
1894,Priya,Kolkata,40400,2
1895,Pooja,Mumbai,53300,2
1896,Neha,Chennai,51500,2
1897,Pooja,Chennai,34800,5
1898,Priya,Lucknow,59400,1
1899,Sunita,Kolkata,49900,2
1900,Anjali,Jaipur,42600,4
1901,Sunita,Kolkata,53700,NA
1902,Amit,Bengaluru,42200,1
1903,Amit,Bengaluru,57700,1
1904,Rahul,Hyderabad,53100,5
1905,Deepak,Bengaluru,31200,1
1906,Rajesh,Bengaluru,31400,5
1907,Neha,Mumbai,45700,3
1908,Priya,Hyderabad,34800,4
1909,Amit,Mumbai,48500,3
1910,Deepak,Hyderabad,59100,5
1911,Neha,Lucknow,32000,5
1912,Vikram,Bengaluru,36100,5
1913,Rajesh,Lucknow,31600,2
1914,Sunita,Bengaluru,56000,2
1915,Rajesh,Ahmedabad,56300,1
1916,Pooja,Lucknow,36700,4
1917,Amit,Delhi,30900,1
1918,Neha,Jaipur,57000,3
1919,Rahul,Pune,30200,4
1920,Rahul,Delhi,59400,4
1921,Neha,Ahmedabad,55200,1
1922,Deepak,Mumbai,51900,3
1923,Pooja,Mumbai,31000,1
1924,Neha,Kolkata,40300,1
1925,Pooja,Bengaluru,50400,NA
1926,Neha,Ahmedabad,37000,5
1927,Vikram,Ahmedabad,43800,2
1928,Amit,Hyderabad,53300,5
1929,Priya,Delhi,48500,1
1930,Rahul,Kolkata,54900,2
1931,Rahul,Bengaluru,34700,3
1932,Rahul,Pune,44700,3
1933,Rahul,Bengaluru,30500,1
1934,Rahul,Pune,50400,1
1935,Rahul,Chennai,57200,4
1936,Priya,Hyderabad,31200,NA
1937,Rahul,Mumbai,45300,2
1938,Rahul,Ahmedabad,41100,2
1939,Deepak,Hyderabad,58700,3
1940,Pooja,Delhi,44500,5
1941,Pooja,Mumbai,46400,3
1942,Amit,Kolkata,48900,2
1943,Pooja,Kolkata,33700,2
1944,Sunita,Jaipur,31000,5
1945,Sunita,Delhi,32600,NA
1946,Priya,Ahmedabad,32100,5
1947,Priya,Mumbai,52200,3
1948,Deepak,Lucknow,44400,4
1949,Rajesh,Delhi,30300,1
1950,Sunita,Jaipur,53400,4
1951,Pooja,Delhi,37900,4
1952,Rahul,Jaipur,30300,2
1953,Sunita,Pune,49500,5
1954,Vikram,Delhi,35600,3
1955,Deepak,Jaipur,59900,2
1956,Deepak,Delhi,42600,3
1957,Rajesh,Bengaluru,52400,1
1958,Pooja,Mumbai,58600,NA
1959,Rahul,Chennai,43600,1
1960,Neha,Chennai,37000,2
1961,Rajesh,Jaipur,52600,2
1962,Neha,Hyderabad,33900,3
1963,Anjali,Ahmedabad,48000,5
1964,Deepak,Lucknow,51900,4
1965,Sunita,Hyderabad,42200,NA
1966,Rajesh,Pune,37000,2
1967,Sunita,Bengaluru,58700,4
1968,Pooja,Jaipur,46700,5
1969,Neha,Chennai,45000,3
1970,Amit,Ahmedabad,33500,2
1971,Anjali,Delhi,34300,2
1972,Priya,Hyderabad,44100,2
1973,Sunita,Ahmedabad,58200,NA
1974,Sunita,Kolkata,41200,3
1975,Amit,Kolkata,32400,4
1976,Pooja,Kolkata,37100,3
1977,Pooja,Hyderabad,40200,2
1978,Rajesh,Pune,58700,1
1979,Deepak,Delhi,59600,3
1980,Rahul,Mumbai,54000,3
1981,Priya,Hyderabad,52300,5
1982,Amit,Bengaluru,38300,4
1983,Priya,Lucknow,39500,5
1984,Rahul,Hyderabad,39200,2
1985,Rahul,Kolkata,54900,1
1986,Anjali,Mumbai,50800,3
1987,Rahul,Chennai,56700,4
1988,Vikram,Hyderabad,43600,3
1989,Anjali,Hyderabad,50700,5
1990,Anjali,Kolkata,48700,3
1991,Neha,Chennai,48800,NA
1992,Neha,Pune,56600,3
1993,Rahul,Hyderabad,48100,2
1994,Rajesh,Chennai,34000,4
1995,Anjali,Jaipur,50600,1
1996,Anjali,Pune,49000,1
1997,Pooja,Kolkata,55700,4
1998,Pooja,Pune,55700,1
1999,Priya,Ahmedabad,39700,4
2000,Robert,Bangalore,56000,6
2001,TestName,Bangalore,56000,1
2002,Rahul Gandhi,Wayanad,30000,3
